495,google.dk
2249,ekstrabladet.dk
3489,dr.dk
5044,bt.dk
5088,tv2.dk
5220,dba.dk
5664,politiken.dk
6899,blogspot.dk
7735,dmi.dk
9009,danskebank.dk
9519,krak.dk
9575,jp.dk
11065,nordea.dk
11420,tdc.dk
11781,amino.dk
13153,b.dk
14671,epn.dk
15744,skat.dk
15881,bold.dk
17382,trustpilot.dk
18886,dibs.dk
19418,guloggratis.dk
19727,sporten.dk
21425,moviestarplanet.dk
23330,e-boks.dk
23359,borsen.dk
24464,ipapercms.dk
25919,nemlog-in.dk
26414,business.dk
26882,jobnet.dk
26889,jobindex.dk
27960,dandomain.dk
28151,autohits.dk
28405,degulesider.dk
28899,3.dk
29036,viaplay.dk
29162,danskespil.dk
32056,bilbasen.dk
33372,skoleintra.dk
33496,postdanmark.dk
34203,elgiganten.dk
34776,heltnormalt.dk
35837,nemadgang.dk
36430,zalando.dk
36860,cvr.dk
37410,boliga.dk
37415,proff.dk
38129,bet365.dk
38188,e-pages.dk
38616,mentorportal.dk
38955,aau.dk
39511,au.dk
39785,yousee.dk
40238,tvguide.dk
40690,euroads.dk
41216,boligportal.dk
43091,gemius.dk
43123,ku.dk
44010,rejseplanen.dk
44178,jv.dk
44231,dating.dk
46198,bilka.dk
47030,kk.dk
47169,ing.dk
47511,nordjyske.dk
48797,travian.dk
48915,saxo.dk
49389,eurostart.dk
49592,portalbank.dk
49860,lokalavisen.dk
49929,edbpriser.dk
50780,dtu.dk
51052,fyens.dk
51826,euroinvestor.dk
51891,seoghoer.dk
52389,dsb.dk
52838,information.dk
53681,tdconline.dk
53996,home.dk
54098,smartlog.dk
54433,cbs.dk
55477,momondo.dk
56004,valutakurser.dk
56186,scor.dk
57118,qxl.dk
57364,edc.dk
57824,just-eat.dk
58373,lectio.dk
58462,trendsales.dk
59007,boligsiden.dk
60166,jubii.dk
61090,emu.dk
63815,rosbo.dk
63873,unibet.dk
64906,nybolig.dk
65549,webhosting.dk
67444,eniro.dk
67635,ordnet.dk
68402,telenor.dk
69891,godmail.dk
70221,denstoredanske.dk
71322,pokerstars.dk
71994,version2.dk
72020,e-conomic.dk
72431,surftown.dk
72707,avisen.dk
72942,6705unit.dk
73180,min-mave.dk
73364,coop.dk
73619,tripadvisor.dk
73705,newz.dk
73750,silvan.dk
73914,telia.dk
74078,dindebat.dk
74447,comon.dk
74733,sydbank.dk
74755,side6.dk
75429,firstdate.dk
75853,proshop.dk
76285,mpsoftware.dk
77050,jyskebank.dk
77064,sdu.dk
77194,w3blog.dk
77602,computerworld.dk
79128,borger.dk
79301,ditonlinebetalingssystem.dk
79498,marketers.dk
79653,ni.dk
80201,tilbudonline.dk
80312,tv3play.dk
80777,adservice.dk
81846,harald-nyborg.dk
81964,thansen.dk
82757,sas.dk
82940,bilgalleri.dk
83008,chopin.dk
84480,dk-kogebogen.dk
84800,cdon.dk
85713,onside.dk
88703,aok.dk
89140,itu.dk
89874,miinto.dk
90814,sparnord.dk
91360,flirtfair.dk
92444,danbolig.dk
92976,netdoktor.dk
93619,billigvvs.dk
93935,annoncelight.dk
94507,eksperten.dk
94754,vistaprint.dk
95883,stepstone.dk
95926,sol.dk
98057,um.dk
98343,techwork.dk
98400,dk-hostmaster.dk
99199,fdm.dk
100369,dbu.dk
101518,stofa.dk
102307,macrosite.dk
102736,bolius.dk
103073,fona.dk
103236,ebay.dk
104697,escortguide.dk
104875,mytrendyphone.dk
105345,kabelmix.dk
105612,arla.dk
105964,nykredit.dk
106264,holdet.dk
108656,dinbror.dk
109480,ofir.dk
109604,virk.dk
109990,mobilsiden.dk
110335,retardo.dk
110451,swingerdating.dk
111075,kablog.dk
111125,bruun-rasmussen.dk
111968,findpriser.dk
112393,pcworld.dk
113171,spigo.dk
113694,180grader.dk
114927,minecraftforum.dk
115158,smartgirl.dk
115778,cph.dk
117100,tipsbladet.dk
117419,jobzonen.dk
117423,bornholmerferien.dk
117537,bloggersdelight.dk
117706,sondagsavisen.dk
118520,smartguy.dk
118876,telmore.dk
118930,118.dk
118943,komogvind.dk
119317,golf.dk
119570,ellos.dk
119807,hot.dk
120581,benaughty.dk
120590,callme.dk
121602,resultat.dk
121880,urbanblog.dk
122271,groupon.dk
122369,fullrate.dk
122421,fuckyouverymuch.dk
122734,rejseliv.dk
123330,computersalg.dk
123635,pokernet.dk
123886,fdm-travel.dk
124361,matas.dk
124399,quickpay.dk
124459,123hjemmeside.dk
125453,nopaste.dk
126549,fitnessworld.dk
126669,boyfriend.dk
126829,nyidanmark.dk
127227,al-bank.dk
127398,kanal5.dk
127740,brugerpanelet.dk
128458,spies.dk
128990,benjamin.dk
129458,rejsekort.dk
129469,foetex.dk
130091,studieportalen.dk
130098,denblaaplanet.dk
130201,minreklame.dk
130203,cphpost.dk
130301,oister.dk
130913,weareeli.dk
131776,gigahost.dk
133798,sexdating.dk
135378,skyscanner.dk
135589,itvang.dk
136252,taenk.dk
137312,escort5.dk
137444,keskole.dk
137739,billetlugen.dk
137854,mmm.dk
137892,radioplay.dk
138419,nordnet.dk
138481,inzone.dk
138700,mitnykredit.dk
138713,gaffa.dk
139689,kristeligt-dagblad.dk
141032,markedsforing.dk
141503,lsb.dk
142556,av-cables.dk
142583,atp.dk
142732,iqtest.dk
143661,delupe.dk
144222,blockbuster.dk
144540,denkorteavis.dk
144585,sweetdeal.dk
144654,findeopskrifter.dk
144770,idestrup.dk
144999,cbb.dk
146291,billedbladet.dk
146318,klarlund.dk
146465,billigflash.dk
146556,onfone.dk
147610,epay.dk
147968,tv3.dk
148522,sa.dk
150639,roskilde-festival.dk
151566,dongenergy.dk
151644,moviatrafik.dk
153159,hukommelseskortet.dk
153383,startour.dk
153785,flatpanels.dk
154470,bibliotek.dk
154767,singlesex.dk
154907,sinful.dk
155450,kb.dk
155636,madlog.dk
156073,expedia.dk
156366,xl-byg.dk
157561,gratisspil.dk
159327,love.dk
159441,startvaekst.dk
161026,tobys.dk
161075,lav-det-selv.dk
161141,awork.dk
161458,nihilogic.dk
161736,handelsbanken.dk
162549,biltorvet.dk
162788,folketidende.dk
164007,onlineeffekt.dk
165103,dyndns.dk
165437,jobbank.dk
166115,ruc.dk
166430,bureaubiz.dk
166811,mediawatch.dk
166987,golfbox.dk
167407,flybillet.dk
167455,hifiklubben.dk
168071,gyldendal.dk
169352,mediavejviseren.dk
169469,billetnet.dk
169883,rideforbund.dk
170007,ezzo.dk
170329,recordere.dk
170838,hardwareonline.dk
170965,danlon.dk
171720,sexaben.dk
172216,womenswall.dk
172291,lejebolig.dk
173167,mx.dk
175245,den.dk
175743,bilsektionen.dk
175992,fitnessdk.dk
176422,su.dk
176751,netnationen.dk
177015,volbeat.dk
177058,himmerland.dk
177747,udvalgte-vinder.dk
178424,partnermedniveau.dk
178844,mymovies.dk
179627,wannafind.dk
182294,m2film.dk
182819,clubmatas.dk
183645,baboom.dk
183658,flyttefirmaet.dk
184463,4sound.dk
185026,it-jobbank.dk
185378,panoramas.dk
186113,kommunikationsforum.dk
186123,bilen.dk
186414,ao.dk
186462,hestegalleri.dk
187210,superbest.dk
187330,easybooking.dk
187375,webtuner.dk
187796,sundhed.dk
188395,robinhus.dk
189736,vislo.dk
189847,flirtii.dk
190124,scootergalleri.dk
190537,myip.dk
190789,jemogfix.dk
190976,privatgrossisten.dk
191390,voksenlisten.dk
192000,minecraft.dk
192648,dagens.dk
192864,just-half-price.dk
192951,techmind.dk
193918,endate.dk
194676,dustin.dk
194699,aldi.dk
194966,motorcykelgalleri.dk
195031,123games.dk
195500,iform.dk
197149,traelastogbyggemarked.dk
197222,brandos.dk
197297,takeoffer.dk
198464,prestatips.dk
198875,odense.dk
199515,sologstrand.dk
200056,pj.dk
200880,denmark.dk
201038,unisport.dk
202547,magasin.dk
202804,tweak.dk
203139,browserspy.dk
203608,oestrogen.dk
204061,heste-nettet.dk
204308,amix.dk
205010,pointshop.dk
205596,thuroee.dk
205713,nichevine.dk
205752,myupload.dk
205860,netto.dk
205984,nordicbet.dk
207586,autouncle.dk
207837,tv2east.dk
209390,indkast.dk
209950,bd.dk
210259,yelp.dk
210820,kongehuset.dk
210946,sexdebut.dk
212579,altfordamerne.dk
213170,naturstyrelsen.dk
213455,concept-i.dk
213540,dustinhome.dk
213693,be2.dk
213737,ticket.dk
213907,colourbox.dk
214558,kvickly.dk
214601,djs-netbank.dk
215189,smartleads.dk
216460,hk.dk
216983,trendsonline.dk
217082,sarahlouise.dk
217389,nickelodeon.dk
218395,incover.dk
219432,bilzonen.dk
219505,lavprisvvs.dk
219586,baby.dk
219652,fotostart.dk
220027,filmz.dk
220433,dvdcity.dk
220526,save-a-lot.dk
220745,eromaxxx.dk
221149,gucca.dk
221320,tivoli.dk
221545,systime.dk
222258,dda.dk
222583,taahyler.dk
222922,adhdkompagniet.dk
223144,onlinefilmhome.dk
223150,kirkenettet.dk
223155,friendster.dk
223481,magentohotel.dk
223827,cykelpartner.dk
223883,shopalike.dk
223997,ilva.dk
224470,ug.dk
224613,brugtgrej.dk
225059,tdch.dk
225082,billetto.dk
226665,bodylab.dk
226878,skousen.dk
227059,myheritage.dk
227475,supersaver.dk
228181,jayj.dk
228682,hotelscombined.dk
228698,retailinternet.dk
228772,feriekonto.dk
229538,petdreams.dk
230301,filmstriben.dk
230306,radio24syv.dk
230314,dkwebcam.dk
230426,ecolight.dk
230508,realmaeglerne.dk
230603,gratisdns.dk
230705,maduniverset.dk
231139,dfdsseaways.dk
231280,fyravindar.dk
231558,mja.dk
232697,konkurrencesiden.dk
233625,aarhus.dk
234875,legoland.dk
235627,seonord.dk
235758,expert.dk
236025,ebay24.dk
236355,maschavang.dk
236728,louisiana.dk
236997,dbusjaelland.dk
237707,midtnord.dk
238382,motion-online.dk
239037,arriva.dk
239072,tilbudsservice.dk
239542,powerpatch.dk
240893,digital-kingdom.dk
240901,csdb.dk
242084,troelsgravesen.dk
242114,perbang.dk
242317,ebst.dk
242859,spilop.dk
243206,wow.dk
243755,e-universe.dk
244334,bornebiksen.dk
244632,computercity.dk
245265,peeplo.dk
245331,q.dk
245672,sexnu.dk
246392,tv2nord.dk
246512,ugenr.dk
246701,eroleg.dk
247821,holdsport.dk
248812,rice.dk
248975,adservicemedia.dk
249170,mobilpriser.dk
250670,btlc.dk
251258,lomax.dk
252083,fck.dk
252176,femina.dk
252308,fashionland.dk
252799,biltema.dk
252932,amandur.dk
253410,marketingcamp.dk
253591,123nu.dk
254065,hyggestedet.dk
254396,politi.dk
254476,dressme.dk
255084,regionh.dk
255833,danhostel-ribe.dk
256188,kaizerpowerelectronics.dk
256529,elbutikken.dk
257296,midttrafik.dk
257311,sygeforsikring.dk
257366,smartkids.dk
257407,smartsmoke.dk
257816,bodybuilding.dk
258432,spartoo.dk
258530,missmartins.dk
258716,spks.dk
259589,michaelwinkler.dk
259895,volkswagen.dk
260402,andelskassen.dk
260484,retsinformation.dk
260670,studyindenmark.dk
260821,bif-support.dk
261318,6tv.dk
261616,bilpriser.dk
261784,lidtmere.dk
261829,samvirke.dk
262300,a-kasseoversigt.dk
262421,themeat.dk
262957,berlingske.dk
262985,wp-akademiet.dk
263557,fdih.dk
264159,chart.dk
264238,cykelgear.dk
264421,tezzo.dk
264747,cykelshoppen.dk
264910,e-cart.dk
265688,news.dk
265930,marketinguddannelse.dk
266370,supersaas.dk
267485,sesport.dk
267668,boxertv.dk
268086,ferieliv.dk
268138,dreamsforkids.dk
269708,waoo.dk
269824,lifeconsulting.dk
270410,viauc.dk
271535,survey-xact.dk
272119,veromoda.dk
273913,hjemmet.dk
274103,coolshop.dk
274797,tv2bornholm.dk
275520,webbies.dk
275685,trivago.dk
275792,stark.dk
276127,pattern.dk
277634,olddevils.dk
277824,bauhaus.dk
277840,somo-art.dk
277928,agera.dk
279274,city-map.dk
279327,tvangsauktioner.dk
279648,rockidan.dk
280380,wattoo.dk
280618,lifdk.dk
280734,guldknappen.dk
280741,rokokoposten.dk
280815,seriousgames.dk
281135,punkt1.dk
281682,valutaomregneren.dk
282123,illusionmagic.dk
283516,whenindoubt.dk
284170,mikrov.dk
285250,rusnak.dk
285903,downtown.dk
287123,okoshoppen.dk
287387,lokalebasen.dk
287824,click.dk
288151,fof.dk
288828,europenews.dk
289684,babyalarm-test.dk
290258,sexyzone.dk
290367,qmars.dk
291365,cancer.dk
291409,mogens-moeller.dk
291422,iola.dk
291589,hpibajafan.dk
291753,dinby.dk
291834,nobill.dk
293399,danskelinks.dk
293909,trimzone.dk
293982,ivaekst.dk
294433,web10.dk
294449,disney.dk
295948,gastromand.dk
296215,elpristavlen.dk
296769,vestjyskbank.dk
297014,happii.dk
297166,gominisite.dk
297833,novasol.dk
298569,ezz.dk
298902,dmjx.dk
300374,superbrugsen.dk
301180,byggecentrum.dk
301605,fcomputer.dk
301976,travelmarket.dk
302172,nicehair.dk
302642,metroxpress.dk
302791,redcoon.dk
302896,mazhar.dk
302951,bibob.dk
303699,faergen.dk
304459,prestadesign.dk
305010,morten.dk
305221,fakta.dk
305731,kandu.dk
306441,dansk-thai.dk
306671,elevplan.dk
306954,overskrift.dk
307112,dst.dk
307658,lalandia.dk
307767,plantetorvet.dk
307776,dsn.dk
307792,tv2fyn.dk
307890,kglteater.dk
307913,hwt.dk
308045,wp-danmark.dk
308512,cinemagic.dk
308622,toytrade.dk
308910,johnfrandsen.dk
309039,boligstedet.dk
309394,gamereactor.dk
309796,ft.dk
309934,lotto24.dk
310030,multikoeb.dk
311332,nikse.dk
311361,onskeborn.dk
311375,iihnordic.dk
311840,reaktion.dk
311963,afdoede.dk
312139,omdoemme.dk
313042,bubbleroom.dk
313885,legeaben.dk
314715,ots.dk
315984,woodwood.dk
316044,ca.dk
316250,almbrand.dk
317357,iraq4allnews.dk
318266,br.dk
318277,tv2oj.dk
318453,danskemedier.dk
318497,euroman.dk
319691,fejo.dk
320223,hosdigellermig.dk
320661,altomboern.dk
320739,animalsex.dk
321469,idenyt.dk
322632,mercedes-benz.dk
322754,mingraviditet.dk
323156,din-ecigaret.dk
323635,imerco.dk
323729,bodystore.dk
323768,habbo.dk
323804,diba.dk
324025,cylex.dk
324307,e-campus.dk
324556,spainproperty.dk
325219,babyfryd.dk
326792,coolstuff.dk
327061,scope.dk
327186,paperandpaint.dk
328244,husavisen.dk
329055,djs.dk
329433,conradelektronik.dk
329675,dampguiden.dk
329952,peters1.dk
330018,energinet.dk
330105,internationalcommunity.dk
330136,huskgaven.dk
331166,lme-partner.dk
331899,touristonline.dk
332087,chruker.dk
332550,kop-kande.dk
332557,festklaveret.dk
332625,lebara.dk
332702,bravotours.dk
332972,sproget.dk
333030,ls-forum.dk
333408,wwi.dk
333614,minisite.dk
333999,spotdeal.dk
334604,godpaaske.dk
335165,kostume-4you.dk
335506,smagevin.dk
335584,rejsefeber.dk
336219,rate-en-babe.dk
336587,dethitter.dk
336891,noma.dk
337491,workindenmark.dk
337622,dis-danmark.dk
338302,ahot.dk
338884,guide.dk
338990,flugger.dk
339560,wayf.dk
339574,nikefreerunning2.dk
340552,pixelprint.dk
340616,foss.dk
340967,t3t.dk
341490,av-connection.dk
341543,se.dk
341716,xklub.dk
342029,brf.dk
342042,airbnb.dk
342698,tryg.dk
343464,kanalfrederikshavn.dk
343619,ide.dk
344078,craigslist.dk
344345,bellcom.dk
344399,dan-links.dk
344592,90minutter.dk
345378,krifa.dk
346243,ucsyd.dk
346680,fusionsport.dk
347251,tax.dk
347584,krauzach.dk
347951,rt16.dk
348206,nordvestnyt.dk
349318,escort4.dk
349327,onekey.dk
349400,3f.dk
350157,foa.dk
350413,canon.dk
350716,kvadrat.dk
350734,udeoghjemme.dk
350811,ticket2heaven.dk
351306,stream-tv.dk
352006,helsebladet.dk
352118,korsholm.dk
352273,bilmagasinet.dk
352551,djoef.dk
353235,kids-world.dk
353313,fleggaard.dk
353358,trilby.dk
353511,folkeskolen.dk
353910,simplexdesign.dk
354106,falck.dk
354131,sundhedslex.dk
355129,viunge.dk
355229,aab.dk
355480,hotel.dk
355883,netbooster.dk
357252,sidelinien.dk
357515,japanphoto.dk
357828,piercingpusher.dk
358621,webtema.dk
358748,studienet.dk
359539,imusic.dk
359712,dongenergy-distribution.dk
360280,familiejournal.dk
360409,matchaffinity.dk
360986,bec.dk
361443,dof.dk
361449,rm.dk
361707,ucc.dk
362145,dagensbedste.dk
362674,kjavis.dk
362681,fribikeshop.dk
363401,stofanet.dk
363581,apoteket.dk
363605,emaerket.dk
364035,babysam.dk
364794,skagenelsker.dk
365160,escort-pigerne.dk
366184,appsandroid.dk
366451,ford.dk
366684,domstol.dk
366706,mols-linien.dk
366795,wadschier.dk
366950,calle.dk
366963,viskalspise.dk
367495,aarhusbolig.dk
367500,plusdamp.dk
367696,danaweb.dk
368097,ktj-media.dk
368493,bobedre.dk
370779,scannet.dk
371753,dcs.dk
371826,fisketips.dk
372106,gemoneybank.dk
372252,miljoeportal.dk
374249,befro.dk
374345,spillehallen.dk
374684,goldenplanet.dk
374743,asb.dk
374754,npinvestor.dk
375153,kc-hil.dk
375281,danskfolkeferie.dk
375635,utupu.dk
375920,koreprovebooking.dk
377581,borgerservice.dk
377637,tilbudsugen.dk
378017,dmsu.dk
378159,kitecph.dk
378189,froes.dk
378573,vejle.dk
378635,fredericia.dk
378711,abildskou.dk
379107,eurogamer.dk
379841,nutv.dk
380133,vvsgiganten.dk
381194,zenforum.dk
381843,ia-online.dk
382083,overgaard.dk
382284,lidl.dk
382441,bigfishgames.dk
382700,feltet.dk
383497,easy-ads.dk
383540,ens.dk
383978,goerdetselv.dk
384035,swingcar.dk
384202,virksomhedsforedrag.dk
384341,infocenteret.dk
384492,lavpriskoekken.dk
384638,hostedshop.dk
384831,oline.dk
384990,klub-modul.dk
385506,urlspion.dk
385923,henrik-bondtofte.dk
386110,sommerhusedanmark.dk
387196,onlinebooking.dk
387253,lovejoy.dk
387299,hotsites.dk
387618,origon.dk
388105,tvsyd.dk
388335,ncsport.dk
389576,energimidt.dk
390964,uvm.dk
392626,uniit.dk
392639,fagbladet3f.dk
393384,typo3cms.dk
393508,bingosjov.dk
393863,udklaedning.dk
394328,landbobanken.dk
395520,bellaborsa.dk
396533,ibckurser.dk
396681,soendag.dk
397011,avformshop.dk
397646,logicnet.dk
397727,statsbiblioteket.dk
397966,aeldresagen.dk
398627,findsmiley.dk
398751,mrjet.dk
398949,lorry.dk
398961,laurajul.dk
400594,anima.dk
400740,mcdonalds.dk
400791,zooplus.dk
400928,blok4.dk
400989,sst.dk
403783,make.dk
404456,mosquito.dk
404509,teetime.dk
404756,alka.dk
404819,dansommer.dk
405723,cmore.dk
406012,kvistgaardvejr.dk
406155,ivaerksaetteren.dk
406637,bonaparte.dk
406688,danskenetbank.dk
406764,ma-kasse.dk
407643,boligmagasinet.dk
407766,lavrsen.dk
408382,interflora.dk
409851,foedevarestyrelsen.dk
410029,pivpiv.dk
410431,journalisten.dk
410507,sundhedsguiden.dk
410570,eal.dk
410809,vagcars.dk
411111,forum.dk
411260,nyboligerhverv.dk
411309,jobworld.dk
411797,adhdawareness.dk
411877,hth.dk
411932,squiip.dk
411935,border-shop.dk
412475,romantikeren.dk
412810,nets-danid.dk
413063,onlinepartners.dk
413198,cellbes.dk
413720,calles.dk
413898,pol.dk
414147,moment.dk
414475,southparkstudios.dk
414483,nordjyllandstrafikselskab.dk
414713,sportigan.dk
417626,findvej.dk
418114,kultunaut.dk
418540,lasertryk.dk
419167,sony.dk
419186,hrcr.dk
419339,denfri.dk
419741,top1000.dk
420655,chatrt.dk
420925,louisnielsen.dk
421377,yasni.dk
421490,forbrugsforeningen.dk
421951,dendigitaleportal.dk
422239,laserdisken.dk
422756,fdim.dk
422778,hendesverden.dk
423301,cool-web.dk
423750,viasat.dk
423929,tp-link.dk
424644,bridge.dk
424933,varmepumpeoversigt.dk
425100,biva.dk
425314,kamerahuset.dk
425412,mybanker.dk
425443,maskinbladet.dk
425608,hverdagogfamilie.dk
425913,aoh.dk
426235,brede-if.dk
426826,babyklar.dk
427276,worldofwisdom.dk
427367,rd.dk
427433,undervisningssystem.dk
427679,planum.dk
427788,netgroup.dk
429287,erovie.dk
429847,linkex.dk
430371,kristendom.dk
431560,creditcards.dk
432772,omfirma.dk
433631,sport24.dk
433908,kanalsport.dk
434053,klasselotteriet.dk
434203,godhumor.dk
434265,maxgaver.dk
434521,levlykkeligt.dk
435266,rema1000.dk
435281,salesboost.dk
435452,hay.dk
436109,vvs-eksperten.dk
437546,toyota.dk
437752,batteribyen.dk
438025,dynamicweb.dk
438149,jonathanlindahl.dk
439499,bogpriser.dk
439904,sexnews69.dk
440158,senest.dk
440164,vvs-shoppen.dk
440291,p-nissen.dk
441282,salmonfly.dk
441951,cmsimple.dk
443051,tdchosting.dk
443209,dklaw.dk
443547,havenyt.dk
444893,pensum.dk
445540,abusiness.dk
445798,realmadrid.dk
446319,sparkron.dk
446662,mindst50procent.dk
446772,altomdata.dk
447538,sportmaster.dk
447843,helsbib.dk
448198,rejse-guide.dk
448508,netzy.dk
449050,natmus.dk
449192,naestved.dk
449699,loppeguf-biksen.dk
449709,leasy.dk
449790,oplevelsesgaver.dk
449992,landbrugsavisen.dk
450824,victoriamilan.dk
450841,specific.dk
451312,audi.dk
451988,huskhaven.dk
452403,toysrus.dk
453288,seas-nve.dk
453471,gfforsikring.dk
453487,kl.dk
453627,40plus.dk
454076,fcbarcelona.dk
454212,foreignersindenmark.dk
454651,hundegalleri.dk
455640,elbutik.dk
456027,drinkworld.dk
456219,skolemat.dk
457116,jansangill.dk
457315,sexwriter.dk
457607,ungmor.dk
458039,regionsjaelland.dk
458097,htcforum.dk
458248,med24.dk
458259,leonits.dk
458519,webbyen.dk
458718,hyundai.dk
459767,retrovilla.dk
461027,randers.dk
461664,bj-trading.dk
462422,akutbolig.dk
462568,warp.dk
462730,servage.dk
463417,dfi.dk
463955,vejdirektoratet.dk
463977,falklauritsen.dk
464149,timelog.dk
464291,dyred.dk
465264,efif.dk
465296,cfl.dk
466044,tilbudibyen.dk
466612,careerjet.dk
466899,dhl.dk
466990,solo.dk
467138,ikanobank.dk
467717,www2.dk
467754,gomore.dk
467980,sparhobro.dk
468062,statstidende.dk
468564,dantoto.dk
468809,jespernielsen.dk
468943,thomascookairlines.dk
470159,jobfinder.dk
470531,elitedaters.dk
470685,racercv2.dk
470894,opnoerhuset.dk
471018,cyberimport.dk
471785,billigbyg.dk
472057,psychedelia.dk
472281,kc-hillerod.dk
472756,bygmaonline.dk
473055,vildmedvin.dk
473309,hbold.dk
474454,openhours.dk
475458,delebarn.dk
475773,bibnet.dk
475879,familieadvokaten.dk
476194,gouda.dk
476508,infomedia.dk
476620,tv3sport.dk
476646,lederne.dk
477102,historie-online.dk
477320,cleanxpert.dk
477479,dvdoo.dk
478637,contingent.dk
478668,skiftselv.dk
478806,forsvaret.dk
478942,alatest.dk
479488,hotfrog.dk
480222,skatepro.dk
480466,cchobby.dk
480782,dealhunter.dk
480841,gratis6.dk
481831,vaiva.dk
482530,peterhahn.dk
482579,curanet.dk
482659,lampeexperten.dk
483215,campadre.dk
483217,larsbachmann.dk
483455,sparekassen-vendsyssel.dk
483778,dealfighter.dk
484132,htk.dk
484320,mobildebat.dk
484926,dukapc.dk
485011,proletartesten.dk
485173,brejl.dk
485767,studentum.dk
486652,erikhejlskov.dk
486668,sempertool.dk
486680,bornholm.dk
486911,thelocals.dk
487014,besoeglaegen.dk
487953,penge.dk
488912,forfattersiden.dk
489390,renault.dk
489676,getit.dk
489922,spejdersport.dk
490107,psykologidialog.dk
490172,genbyg.dk
490410,dansk777.dk
490534,philips.dk
490636,atcore.dk
490793,optagelse.dk
491276,skeem.dk
491388,billigespil.dk
491514,boligdebatten.dk
491869,ibc.dk
492380,zoover.dk
492875,mobiltjek.dk
492889,tinglysning.dk
493025,mail-online.dk
493654,presswire.dk
494129,huscompagniet.dk
494340,lejerbo.dk
494989,toolworld.dk
495137,aiaiai.dk
495391,connery.dk
495554,akait.dk
495631,kvalimad.dk
495666,itriathlon.dk
495783,diku.dk
496076,intersport.dk
496139,boligejer.dk
496686,loyaltymanager.dk
496699,boligone.dk
497283,markedskalenderen.dk
497952,kalender-365.dk
497989,sund-og-smuk.dk
498739,deal.dk
498971,snaphanen.dk
500443,bornholmerflyet.dk
501146,sovedyret.dk
501271,fivu.dk
501362,faceup.dk
501426,skunk-froe.dk
501752,boligmap.dk
502072,rn.dk
502530,jackienavarro.dk
502698,morethanaclub.dk
502703,betsafe.dk
502745,ucsj.dk
502864,looklab.dk
503625,mindworking.dk
504156,grillguru.dk
504544,bolig.dk
504842,icovers.dk
505274,libo.dk
505623,iphonegadget.dk
505839,bog-ide.dk
505867,voresborn.dk
505893,lokaltindblik.dk
505908,skaaningmedia.dk
506064,motivaco.dk
506393,abhumlegaarden.dk
506523,skoda.dk
508343,back-end.dk
509415,superliga.dk
509770,matematikfessor.dk
510015,tip-top.dk
510358,webgains.dk
510545,nationaldemokraten.dk
511308,bornholmstidende.dk
511536,overhoert.dk
511891,dreamabout.dk
512439,rabat-vvs.dk
512449,garnpusher.dk
512678,nobrain.dk
513107,elektroniskcigaretinfo.dk
513287,avxperten.dk
513382,curanetserver.dk
513528,if.dk
514235,tavex.dk
514267,metro.dk
514495,pnn.dk
514988,oem.dk
515621,canaldigital.dk
515670,bedre-selvvaerd.dk
516119,peecee.dk
516911,justaddwater.dk
517260,dinrabat.dk
517346,kostume-udklaedning.dk
518202,shoporama.dk
518410,eurotoys.dk
518665,di.dk
518709,trendkey.dk
519041,seosupport.dk
519554,storebaelt.dk
519781,genphone.dk
519890,skousenos.dk
519906,konkurrencer-konkurrencer.dk
520312,firmaindexet.dk
520376,profibernet.dk
521353,erhvervslokaler-hinnerup.dk
522537,datamarked.dk
523286,fiskesnor.dk
523325,totalkredit.dk
524295,l-living.dk
524545,vordingborg.dk
524769,piopio.dk
525164,tvmidtvest.dk
525458,dacia.dk
526078,irma.dk
526116,autocom.dk
526144,ingenco2.dk
526306,verodanshop.dk
527121,risskov-bilferie.dk
527725,nlp-foreningen.dk
528637,bredbaandnord.dk
528918,kolding.dk
530249,lokalbolig.dk
530536,danskmisbrugsbehandling.dk
531226,disorder.dk
531473,abakomp.dk
531573,yy.dk
531603,boardmembers.dk
532236,illvid.dk
532238,golfonline.dk
532378,bd-store.dk
532950,statsforvaltning.dk
532988,foodfanatic.dk
533661,netsite.dk
533752,stadium.dk
533823,big.dk
534064,dentalplan.dk
534523,biozonen.dk
534524,wannafindserver.dk
534687,nelso.dk
534700,forbrugerliv.dk
534843,mm-vision.dk
535056,festabc.dk
536199,powersound.dk
536276,spekulant.dk
536277,danhost.dk
536325,jupiterekstra.dk
536386,carl-ras.dk
536663,vega.dk
536689,made4men.dk
537693,datemig.dk
538359,krifaselvbetjening.dk
538781,streetammo.dk
539005,frimindeks.dk
539093,solitude.dk
540852,citroen.dk
541143,silkeborgkommune.dk
541414,ssi.dk
542408,seonorden.dk
542790,pc-auto.dk
542806,tedxcopenhagen.dk
542891,bimg.dk
543118,gamekeeper.dk
543173,jvl.dk
543646,randersbolig.dk
543825,eroguide.dk
544356,wiseo.dk
544899,dentalklinikken.dk
545081,bikester.dk
545425,aalborgkommune.dk
545698,dit-indbo.dk
545705,nikolajmogensen.dk
545753,martins-koreskole.dk
546395,laplacette.dk
546810,visitcopenhagen.dk
547287,billigvoks.dk
547379,viaplay-gratis.dk
547539,westernunion.dk
547868,dartliga.dk
548966,dandesign.dk
549079,bring.dk
550151,tegnebordet.dk
550384,dabbolig.dk
550652,finanswatch.dk
550770,banknordik.dk
550835,getbig.dk
551114,poloniainfo.dk
551378,parameter.dk
551428,torbenclausen.dk
551602,fashionforum.dk
552112,dansave.dk
552217,coolpriser.dk
552393,ansif.dk
554234,teambornholm.dk
554999,quintess.dk
555318,snyd.dk
555432,auschwitz.dk
555536,graphic-pro.dk
556494,faraos-hest.dk
556556,alun.dk
557432,lovefilm.dk
557903,ihk.dk
558254,gassalg.dk
558915,vikaercamp.dk
559567,johannesfog.dk
561088,haslecamp.dk
561257,rigshospitalet.dk
561572,aloevera-4you.dk
561589,ogame.dk
561724,passionsforfashion.dk
562075,nordsjaelland-haandbold.dk
562080,lygte-info.dk
563248,topdanmark.dk
563599,billigparfume.dk
563605,conzmedia.dk
563840,bytebob.dk
564001,gastro.dk
564256,icc-picturebank.dk
564514,mitbluegarden.dk
564949,finansnetbanken.dk
565021,drinkster.dk
565170,midspar.dk
565830,outhouse.dk
565871,hammerum-herred.dk
566287,nordeafinans.dk
566687,eadministration.dk
567266,nettoparts.dk
567490,regnfrakker.dk
567684,dm-e.dk
567894,purplecow.dk
568008,streetman.dk
568127,at.dk
568271,byggecenter.dk
569138,thomasbigum.dk
569282,oestjydskbank.dk
569334,jupiter-ekstra.dk
569407,forbrug.dk
570768,em-net.dk
571123,nrsbank.dk
571765,fusionmedia.dk
572026,todoor.dk
572606,elektronista.dk
574079,merlin.dk
574114,spiseliv.dk
574157,netfugl.dk
575258,cphbusiness.dk
575294,lottebager.dk
575647,volkswagendanmark.dk
577029,ditonet.dk
577142,gaf.dk
577362,ob.dk
577464,cover.dk
577545,abode.dk
577767,hotelstart.dk
578217,kilroy.dk
578503,vaegtkonsulenterne.dk
578576,vind.dk
578596,tilbudkatalog.dk
578809,visitdenmark.dk
579034,elle.dk
579638,hansgrohe.dk
580636,mit3f.dk
581919,campingdanmark.dk
582934,aagaard-psykoterapi.dk
583790,dn-erhverv.dk
583800,skindhuset.dk
583936,xboxlife.dk
584115,opel.dk
585264,iva.dk
585381,ledige-lejligheder.dk
585850,guldstiletter.dk
585969,dailyrush.dk
586183,vbfodbold.dk
586204,realityportalen.dk
586215,biq.dk
586892,cinemaxx.dk
587744,deltaplan.dk
588003,dbujylland.dk
588554,veteranposten.dk
588617,eat-buddy.dk
589158,morningstar.dk
589186,webreg-portal.dk
590430,heino-cykler.dk
591345,haslesejlklub.dk
591932,dk-tv.dk
592446,skagensavis.dk
593042,iitech.dk
593644,lastbilmagasinet.dk
594064,webanalytiker.dk
594115,dgi.dk
594317,tevia.dk
594754,weekendavisen.dk
594785,papkassen.dk
595128,urvaerket.dk
595706,shopandgo.dk
595762,nabosex.dk
596055,vivus.dk
596129,lavprishvidevarer.dk
597049,dahii.dk
597150,loebeshop.dk
598028,webspeed.dk
598356,efi.dk
598849,danskeinternetspil.dk
599330,elvvs.dk
599849,babeindex.dk
600161,emp-shop.dk
600268,lottostat.dk
600312,solar.dk
601699,jegvilbestilletid.dk
601912,pro-street.dk
601969,nnmarkedsdata.dk
602541,beatmylink.dk
602604,gulex.dk
602909,siemens-home.dk
603208,123mc.dk
603509,vlr.dk
603754,webpol3.dk
603756,go-fishing.dk
603853,finduddannelse.dk
604363,henttilbud.dk
604633,itst.dk
605537,rygeshop.dk
605964,mashsteak.dk
605965,ase.dk
606125,hjem.dk
606613,lyngby-boldklub1921.dk
608169,gavekortet.dk
608259,pc-planet.dk
608728,stof2000.dk
608772,allposters.dk
609117,bikebuster.dk
609120,kitchenone.dk
609837,titties.dk
610772,danleasing.dk
611223,ferieboligklubben.dk
611737,billig-fagforening.dk
612045,channelworld.dk
612172,growingtrees.dk
612528,billigsport24.dk
612985,firmalatter.dk
613992,delebil.dk
614054,motorsiden.dk
614318,de3bedste.dk
615519,fjellerup-strand.dk
615542,massage247.dk
615748,shopping4net.dk
615797,gyldendals-bogklub.dk
616244,blogbysandra.dk
616427,printerpatroner.dk
616971,activewebs.dk
617228,all2day.dk
617369,cphpix.dk
618185,uni-c.dk
618205,stinekronborg.dk
618359,madgrisen.dk
618593,bygma.dk
618932,olavdelinde.dk
619493,pieceofnorway.dk
619574,eucasino.dk
619927,peoplegroup.dk
620240,pottercut.dk
621013,cowi.dk
621852,homeaway.dk
622304,skiltex.dk
623157,libero.dk
623324,universitypost.dk
623599,heppo.dk
623719,randersrealskole.dk
625045,mindplay.dk
625446,ftf-a.dk
626213,goleif.dk
626461,kvuc.dk
626810,radoorco.dk
627161,eksistere.dk
628226,fikse-ting.dk
628296,udsalgmbtsko.dk
628986,esbjergbibliotek.dk
630056,rotary.dk
630480,sofiagaver.dk
631213,flexa.dk
631732,webiq.dk
632031,zoo.dk
632139,mainfm.dk
632203,urtekram.dk
632520,tl.dk
632544,useitcard.dk
633231,vafo.dk
633442,slaegtogdata.dk
634230,corsage-eksperten.dk
634299,m1.dk
634979,wood-tec.dk
635022,pengeautomaten.dk
635112,houseofkids.dk
635396,fvm.dk
636418,youbank.dk
636433,gladsaxe.dk
637145,billigcamping.dk
637927,kaffekapslen.dk
637967,ld.dk
637976,husplushave.dk
638023,varmsex.dk
638069,naturoghelse.dk
638204,firmafon.dk
638548,mikkeller.dk
638805,bones.dk
639282,euroflorist.dk
639434,asus.dk
639661,rhs.dk
639864,netsundhedsplejerske.dk
639901,rudersdal.dk
639979,adidas.dk
640470,morkholt.dk
640626,jyskip.dk
640731,bedandbreakfastguide.dk
640905,prispresseren.dk
641549,chrono24.dk
641688,legolandholidays.dk
641998,pilgrim.dk
642516,kalundborg.dk
642914,rawgirls.dk
643324,in-italia.dk
643384,feriepartner.dk
643881,stokerpro.dk
644173,arkitektforbundet.dk
644546,mitmobilcover.dk
645627,spilxl.dk
645841,luftfabrikken.dk
646128,codan.dk
646209,smaahjerter.dk
646588,chateauneuf.dk
647035,aleris.dk
647094,yonimassageodense.dk
647412,abseo.dk
647628,skiferietips.dk
647880,dancan.dk
648207,pandurohobby.dk
648606,billetten.dk
649012,dancenter.dk
649241,eltoftnielsen.dk
649672,maalerjagten.dk
649709,nationalbanken.dk
649829,trademen.dk
650859,viborg.dk
650926,webopskrifter.dk
651012,pretotyping.dk
651162,ewire.dk
651885,intercorp.dk
652479,socialdemokraterne.dk
652520,bodyman.dk
652812,billysbilling.dk
653480,ultimate-web.dk
653742,siemens.dk
654150,frokosttema.dk
654432,multimail.dk
654592,sportsfiskeren.dk
654980,riverhill.dk
655919,eb.dk
656104,fynbus.dk
656252,mobilterminalen.dk
656957,eferiekort.dk
657308,smartmen.dk
658061,gratis.dk
659197,gamebits.dk
659799,newbie.dk
660140,odensegolfklub.dk
660642,booomerang.dk
660714,husvild.dk
661016,spilpriser.dk
662472,downloadcentral.dk
662870,datagraf.dk
663223,hjerneskadet.dk
663953,nnf.dk
664075,chevrolet.dk
664455,muzzic.dk
664989,kalendersiden.dk
665133,24.dk
665648,netpatient.dk
665937,tysklandsguide.dk
665988,dansksupermarked.dk
666390,w11.dk
666526,wimdu.dk
666960,pointblog.dk
666979,advertise.dk
667631,fuglemarkedet.dk
667752,seoanalyst.dk
667996,litteratursiden.dk
668574,danskerhverv.dk
669453,kab-bolig.dk
669890,bornholms-sommerhus.dk
670080,audidanmark.dk
670088,online-results.dk
670360,rombo.dk
670371,photoshop.dk
671415,sjma.dk
671738,prisonplanet.dk
672119,bimco.dk
672444,kjeld-klit.dk
673261,fullcontrol.dk
673263,ungarbejde.dk
673347,jagtogfiskerimagasinet.dk
673480,kulturarv.dk
673521,ok.dk
673542,kitchenguide.dk
673572,lekmer.dk
673606,helseplus.dk
673821,ungtilung.dk
673846,freeones.dk
674269,ibsensfabrikker.dk
674436,hifi4all.dk
675062,sde.dk
675168,kundeunivers.dk
675607,sparthy.dk
676786,latterkursus.dk
677422,phonetech.dk
677557,blogda.dk
677855,plus.dk
677957,advertorials.dk
677969,cleco.dk
678090,sixt.dk
678138,novatech.dk
678514,bornholmermarked.dk
678597,sushi.dk
678676,padowan.dk
679067,magacin.dk
679536,spilfiduser.dk
679690,sogn.dk
679778,erozio.dk
679790,irm2.dk
680564,kreacom.dk
680824,stofogstil.dk
680865,tv2playgratis.dk
681250,frederiksberg.dk
681281,progolf.dk
681531,danskeinvest.dk
682046,spreadshirt.dk
682084,meretidsammen.dk
682177,ekspresbank.dk
682381,dtf-travel.dk
682799,tjekpc.dk
682834,pensionsinfo.dk
682900,hungry.dk
683429,scandlines.dk
683667,cphdistortion.dk
683967,cykler.dk
684094,jslab.dk
684215,mxhotel.dk
684342,pokerlistings.dk
685115,livingsmarttv.dk
685505,lintrupnorgart.dk
685848,vanity.dk
686233,odensebib.dk
686848,ugebreveta4.dk
687034,davidsenshop.dk
687234,sunsetgolf.dk
688296,aktivtraening.dk
688395,hjemmesideshoppen.dk
688486,der.dk
689527,alfre.dk
689669,findforsikring.dk
689856,helsingordagblad.dk
689873,am-massageskole.dk
690851,emailmanager.dk
692785,vucaarhus.dk
692968,ucommerce.dk
693738,bygmax.dk
694545,leet.dk
694854,mercantec.dk
695086,vf-auktion.dk
695091,gridcalculator.dk
695136,tibello.dk
695332,matchoffice.dk
695481,berendsen.dk
696313,finansielstabilitet.dk
697317,vpnserver.dk
697676,jagtformidling.dk
697737,nikolajastrup.dk
697744,modkraft.dk
697923,vismaavendo.dk
698114,brochner-hotels.dk
698363,windblower.dk
698416,deducta-search.dk
698490,ralphlaurenpolotilbud.dk
698661,housedoctor.dk
698681,strikkekunsten.dk
698767,skandiaweb.dk
700064,berlingskemedia.dk
700798,rush.dk
700842,go.dk
701437,trefor.dk
701474,ps4-spil.dk
702456,tiger.dk
702513,billund-airport.dk
703352,hafniaservice.dk
703563,vvs1.dk
704115,haventa.dk
704146,nyhavn.dk
704565,greenlinegartner.dk
704641,so.dk
704765,pvagt.dk
705355,mercell.dk
705756,stikimod.dk
706022,billigfluege.dk
706158,erotik.dk
706367,live-fodbold.dk
706640,ddfr.dk
706932,dm.dk
707017,kadaza.dk
707134,perjensen-online.dk
707897,minigal.dk
707970,danex-exm.dk
708073,berlingske-mail.dk
708473,semler.dk
708870,frishop.dk
709042,dgteam.dk
709232,gettyimages.dk
709357,foodcomp.dk
709679,hundested-roervig.dk
710094,bahne.dk
711342,costume.dk
711552,camping.dk
711798,sodoma.dk
712014,mejerconsulting.dk
712656,dcu.dk
712827,internetstart.dk
713123,campingferie.dk
714512,oeb.dk
714614,juulmoeller.dk
714779,jeannedarcliving.dk
714834,sdf.dk
715950,stephans.dk
715959,iimanager.dk
716872,energy-supply.dk
717118,multidata.dk
718080,forsikringsfakta.dk
718358,e-filing.dk
719504,daekonline.dk
719727,boboonline.dk
720691,myeclub.dk
721373,merkur.dk
721394,tidende.dk
721676,roboteksperten.dk
723867,dennisdrejer.dk
723972,damonline.dk
724891,natur-energi.dk
725528,pixum.dk
725683,voy.dk
725715,naturbutikken.dk
725976,xstream.dk
725990,kildemoes.dk
726005,daekbutikken.dk
726176,olisan.dk
726804,linkfinder.dk
727022,ghdglattejernbilligt.dk
727384,animationer.dk
727454,bonniermailcampaign.dk
727471,g4s.dk
728397,spiloghygge.dk
728531,opdagjylland.dk
728840,engrospriser.dk
729917,bindia.dk
730177,reboot.dk
730542,saninetto.dk
730588,gaboost.dk
730598,udstyrsguiden.dk
730838,jydsktagteknik.dk
731257,statoil.dk
731535,bmw.dk
731760,digitalworks.dk
732064,webcoders.dk
732852,hotelfriheden.dk
732889,odds1.dk
733184,jobunivers.dk
734171,inkpro.dk
734266,uddannelseskort.dk
734307,verido.dk
734677,goon.dk
734956,munkebokro.dk
735055,lapni.dk
735192,nissan.dk
735997,motorsporten.dk
736215,linkkataloger.dk
737035,slaegtsgaarden.dk
737175,mods.dk
737318,orevej2.dk
737582,basicnatureshop.dk
737740,lykkesko.dk
737779,sportstiming.dk
737880,roxypalace.dk
738003,sydjob.dk
738053,gladbib.dk
739164,en-af-os.dk
739257,mst.dk
739563,integrabib.dk
739837,seksualitetigraenselandet.dk
740896,webapoteket.dk
741592,igroups.dk
741914,arbejderen.dk
742450,emat.dk
742705,selectedbloggers.dk
742724,soft-guide.dk
742857,sexportal.dk
743125,boligbasen.dk
743359,nikefreerun-store.dk
743576,avis.dk
743665,fsl.dk
743691,bigzone.dk
744457,gratisskole.dk
744859,laeger.dk
744982,scandichotels.dk
746902,adnecto.dk
746956,varelotteriet.dk
747017,nrgi.dk
747133,sye.dk
747197,autobremsen.dk
747295,homannlaw.dk
747787,aros.dk
748437,bitbybit.dk
748452,dotdotlab.dk
748483,speek.dk
749163,min-laege.dk
749315,internet-server.dk
749795,boconcept.dk
750194,turbestilling.dk
750283,smile-mail.dk
750329,blogtips.dk
751616,rotarynyt.dk
752164,helsingorkommune.dk
752189,triax.dk
752553,surfzi.dk
752700,123auto.dk
752841,badinterior.dk
753361,mbn.dk
754155,dendanskesalmebogonline.dk
754389,gubi.dk
754882,kea.dk
754985,halsnaes.dk
755004,ciid.dk
755127,freestylecruising.dk
755609,live24.dk
755673,123hotel.dk
755740,sarenza.dk
756980,prisvis.dk
757676,photowall.dk
758904,christineeilvig.dk
759440,surfogskiaalborg.dk
760080,dhf.dk
760181,seat.dk
760185,telepristjek.dk
760214,fragt.dk
760640,madsenworld.dk
761006,distrikt8.dk
761179,fodboldexpert.dk
761195,m.dk
761290,x-cite.dk
761291,filabel.dk
761472,magiskeminder.dk
761853,duda.dk
761992,junkyard.dk
762225,giron.dk
762239,guldborgsundavis.dk
762621,altinget.dk
763409,dce.dk
764434,hkhkronprinsen.dk
764592,cc-trading.dk
764915,radissonblu.dk
765410,sensetik.dk
766463,xxxgames.dk
766533,iprospect.dk
766621,novicell.dk
766975,photobox.dk
767003,halbooking.dk
767140,trafikstyrelsen.dk
767863,aak.dk
768110,konkurser.dk
768964,esmog.dk
769210,kunst.dk
769677,fotografoversigt.dk
770537,sporti.dk
770802,kalkjarlen.dk
771142,spotfestival.dk
771620,casanovafurniture.dk
772376,velfac.dk
772843,homeshop.dk
773052,vefafoto.dk
773731,herborghabitat.dk
774107,laanlet.dk
774282,billiggro.dk
774460,sunglassesshop.dk
774605,hizb-ut-tahrir.dk
774707,hsfo.dk
774923,pekkart.dk
775283,mollegaarden.dk
776029,esbjergkommune.dk
776226,traelasten.dk
776688,ida.dk
777562,friluftsland.dk
777575,injuries.dk
777647,smykkerafhestehaar.dk
778361,mcb.dk
778679,brk.dk
778680,dk-camp.dk
779277,vejret.dk
779895,stormfashion.dk
780990,iba.dk
781530,kggym.dk
781653,agoda.dk
781710,texas.dk
782099,bil-sitet.dk
782701,radioabc.dk
783197,magle.dk
783514,laegemiddelstyrelsen.dk
783611,tojbamsen.dk
784214,footy.dk
784336,socialstyrelsen.dk
784741,bungalow5.dk
785146,peterlarsenkaffe.dk
785445,royaldesign.dk
785538,webuntis.dk
785652,casinotop10.dk
785722,ereviews.dk
785850,spastikerforeningen.dk
786329,minecraftlisten.dk
786499,cure4you.dk
786844,businessdanmark.dk
787294,experimentarium.dk
787722,linkdatabase.dk
788072,conferencemanager.dk
788077,newera.dk
788101,esprit.dk
788331,bileribella.dk
788556,vordingborgpolitikernes-vogter.dk
788559,goecker.dk
788928,bibzoom.dk
789458,print2people.dk
789671,danskekilder.dk
789676,jodann.dk
789968,sitewise.dk
790550,humac.dk
790632,oddslife.dk
790783,karsten-fyhn.dk
791816,akademikliniken.dk
791955,avform.dk
792346,sommerhus-siden.dk
792748,godtsmil.dk
793300,psykiatri-regionh.dk
793322,gludvin.dk
794046,lutzau.dk
794522,danskeweblogs.dk
794716,symbion.dk
795801,thepeterssons.dk
796574,ebutik.dk
796625,ivaerk.dk
797157,uniwatches.dk
797635,gipote.dk
797998,arnoldbusck.dk
798654,co3.dk
798857,geus.dk
799097,sportamore.dk
799340,greenline.dk
799916,tivolicasino.dk
800750,ebillet.dk
801366,ecig-forum.dk
801546,topas.dk
802387,billigelcigaret.dk
802653,hifipriser.dk
802887,xsex.dk
803134,maritimedanmark.dk
803571,vvscomfort.dk
803638,slankedoktor.dk
804573,frv.dk
804900,vucfyn.dk
805578,moviezoo.dk
805732,rts.dk
805788,vindsmart.dk
805972,billigejumpsuit.dk
806821,colvitae.dk
806909,hjulskift.dk
807439,forsikringsdeal.dk
807753,inventarbutik.dk
808012,sparlolland.dk
808266,building-supply.dk
808448,sporthamburg.dk
808474,refako.dk
808521,accedo.dk
808974,sadolinfarveland.dk
809249,hbonordic.dk
809339,altomhus.dk
809766,verdenskortet.dk
810383,renefrederiksen.dk
810821,tempodesign.dk
810836,stop-roegen.dk
811029,usbshoppen.dk
811055,buksetrolden.dk
811635,billigalu.dk
811711,theis-vine.dk
812340,jensunmack.dk
813070,headnet.dk
813229,linkfeed.dk
813504,snatur.dk
813786,monster.dk
813886,pc-lager.dk
813909,carolinewozniacki.dk
814121,support-hosdigellermig.dk
814752,friferie.dk
815484,adapt.dk
816231,girlfinder.dk
816976,heaven4kids.dk
817020,leenissen.dk
817308,spillet.dk
817569,atoywish.dk
817744,phosee.dk
817980,sexhus.dk
818072,chocolat.dk
818270,confero.dk
819220,hfchristiansen.dk
819321,fkb.dk
819840,madmedier.dk
821112,laan.dk
821840,densynligemand.dk
821913,artikelguiden.dk
822491,tyrkieteksperten.dk
823525,iraker.dk
823608,xbasen.dk
824469,check-in.dk
824607,laegevagten.dk
825080,dbonline.dk
825421,faadetgjort.dk
826009,lasttouch.dk
827077,wesellcd.dk
827485,dahlsgravering.dk
827705,mitarriva.dk
827815,f10-media.dk
828274,marathonsport.dk
828391,jupitercykler.dk
828645,nibefestival.dk
828743,klebus.dk
829374,online-book.dk
829550,vlshoppen.dk
829850,demib.dk
829868,medibox.dk
829904,onlinetilbudsaviser.dk
830500,amivox.dk
832857,ppnordica.dk
833147,kaffemekka.dk
834053,guldborg-havn.dk
834578,valdemarsro.dk
834730,online-tekstforfatter.dk
835883,livet-er-godt.dk
836107,danhostel.dk
836180,livsstilslinjen.dk
836631,lb.dk
837931,bolignet.dk
838430,l2013.dk
838471,hvidovre.dk
838639,faelleskassen.dk
839318,sportdres.dk
839463,nemkonto.dk
839521,deluxejumpsuit.dk
839827,sexygames.dk
839971,ibob.dk
840019,dagensbedstetilbud.dk
840102,hwl.dk
840556,i123.dk
840563,tjektv.dk
841202,seotips.dk
842062,mind-set.dk
842574,laptops.dk
842726,abcsiden.dk
843367,rsskataloget.dk
843673,pegani.dk
843709,10-4.dk
844094,adecco.dk
844929,androidforum.dk
845096,lpk-prebooking.dk
845416,libris.dk
845621,posterland.dk
845658,enhedslisten.dk
846868,dat.dk
846886,dream-zone.dk
847782,freegamesonline.dk
848229,bosch-home.dk
848718,suzuki.dk
849042,minkryddersnaps.dk
849248,frh-kajakklub.dk
850054,webshopindeks.dk
850566,weightlifting.dk
851307,shellcardprivate.dk
851527,smart-solutions.dk
851531,internettjek.dk
852380,sm.dk
853132,lowcostholidays.dk
853182,xxxvideos.dk
853256,oliverfurniture.dk
853938,mormorsgemmer.dk
854331,interioraddict.dk
854897,bibelselskabet.dk
854991,unicef.dk
855056,kreditbanken.dk
855338,uniggardin.dk
855371,regard.dk
856034,skiveren.dk
856237,growingfeet.dk
856783,dorchdanola-netbutik.dk
857237,naturephotos.dk
857674,mm-konsol.dk
857717,sdt.dk
858022,2kr.dk
858357,wwf.dk
858710,day.dk
859162,cclifeacademy.dk
859544,proteinpulvertilbud.dk
859602,lk.dk
859603,godtjob.dk
859951,xtrasize.dk
860826,wimp.dk
861608,udkik.dk
861694,danguitar.dk
861977,all-web.dk
861995,virksomhedslokaler.dk
862885,lemu.dk
863782,steenhildebrandt.dk
863911,scan.dk
864379,vi-kvinder.dk
865131,gentofte.dk
866109,danskoldenborgavl.dk
866149,bornibyen.dk
866785,schneider-electric.dk
866961,blogonline.dk
869442,websexolog.dk
869476,opengate.dk
869678,alfamoving.dk
870476,networkmedia.dk
870562,coopplus.dk
871229,erst.dk
871625,efbishockeysupport.dk
871880,inspiration.dk
872950,vier.dk
873395,vvs.dk
873413,dqd.dk
873609,le9.dk
874223,mgk.dk
875068,livin.dk
875366,bitcoinpenge.dk
875606,grenes.dk
875920,dkmdesign.dk
876177,abcatering.dk
876200,123hvidevarer.dk
876233,lokaleportalen.dk
876648,podspeakers.dk
876661,sangteksterogfestsange.dk
877145,ibill.dk
877182,roning-nord.dk
877535,estateconcepts.dk
878332,spillopper.dk
878409,crossnyt.dk
879062,mathblog.dk
880399,daek-shoppen.dk
880531,ama-tips.dk
880652,zindy-zone.dk
881009,eplehuset.dk
881104,al-bankligaen.dk
882629,acer.dk
882826,forsikringsguiden.dk
882923,improve.dk
883027,sunsilk.dk
883107,dotseo.dk
883337,aegteskabudengraenser.dk
883653,xn--zivrk-ura.dk
883778,grisogko.dk
884082,infoblog.dk
884691,bodybio.dk
884973,vangeboskolen.dk
884998,bedoemmelse.dk
885428,udbud.dk
885507,lilienhoff.dk
885688,pfni.dk
885756,jemshog.dk
885879,jasopels.dk
886022,smk.dk
886115,questionme.dk
886193,dansmoke.dk
887328,fdf-son.dk
887435,hfsommervirke.dk
887854,fairlosning.dk
888095,telemetric.dk
888187,oase-outdoors.dk
888700,e-pizza.dk
889083,bazen.dk
890417,mp.dk
890432,molskurser.dk
890439,basisbank.dk
890871,pwc.dk
890932,fuglebjerggaard.dk
891346,fitnessgruppen.dk
893044,seasonalwork.dk
893172,ucl.dk
893319,modehus.dk
894262,jfp.dk
894531,macforum.dk
895018,kendte.dk
895165,sjovforborn.dk
895215,cphwest.dk
895708,ishoejby.dk
896020,babybusiness.dk
896094,seat-farum.dk
896121,activesportswear.dk
896385,helsebixen.dk
896415,jimahegn.dk
896833,eurocard.dk
897334,loekkenklit.dk
897406,maltbazaren.dk
897489,fotoagent.dk
897514,aof.dk
897687,peytz.dk
897715,sexyandfunny.dk
897881,nitrotek.dk
899016,baadgalleri.dk
899018,nedis.dk
899072,jyfo.dk
899369,fitliving.dk
900438,religion.dk
900604,elekcig.dk
901539,brondbysupport.dk
901555,seat24.dk
901672,dofbasen.dk
901693,lassebunk.dk
901715,loftet.dk
902117,hobrovejensskole.dk
902488,iphoneguide.dk
903209,nicetrend.dk
903585,g.dk
903617,madogbolig.dk
903837,aproposmagazine.dk
904004,wikipedia.dk
904385,e-damp.dk
904849,stepupfitness.dk
905047,thyregodvester.dk
905069,optimera.dk
905165,e-company.dk
905305,bmf1.dk
905850,ruko.dk
905903,grr4.dk
906006,hartmanns.dk
906220,pernillesams.dk
907198,islandshest.dk
907314,brock.dk
907540,a-kasse-testen.dk
908268,dinmusikskole.dk
908607,webspear.dk
909069,hafa.dk
909414,find1lejebil.dk
909466,hayshop.dk
909667,babytorvet.dk
909765,getvisible.dk
909786,nemrefusion.dk
909793,babyxplore.dk
910049,dyrevaernet.dk
910709,ret-raad.dk
911009,gasprisguiden.dk
911234,aldcarmarket.dk
911243,romhatten.dk
911643,dreamshop2u.dk
912926,mimosa.dk
912936,helsam.dk
913316,horsens.dk
913321,wardi.dk
913485,smartbox.dk
913605,likehits.dk
913964,mitfamilieliv.dk
914560,ecigaret-tilbud.dk
915754,fiskerforum.dk
916219,adelie.dk
916712,comwell.dk
917660,cb.dk
917805,bluegarden.dk
917865,ekonkurrencer.dk
918095,sportenkort.dk
918455,lyngby-boldklub.dk
920338,albatros-travel.dk
920572,silkeborg.dk
920676,pricedumper.dk
920895,sebra.dk
921087,crazygames.dk
921346,brugteklodser.dk
921810,joras.dk
922313,livecounter.dk
922671,majbrittlund.dk
922721,altforhaven.dk
922798,weroshop.dk
923016,dfk.dk
923196,eucsyd.dk
923531,fanatikos.dk
923863,page-analyzer.dk
923873,onlineprisen.dk
924050,ladywalk.dk
924430,komputer.dk
925555,seniorshop.dk
925702,casperblom.dk
926274,clever-hotels.dk
926316,sparvinduer.dk
926356,lollandsbank.dk
926996,boligliv.dk
927849,hotelbalkastrand.dk
928211,bamsefabrikken.dk
929037,vf.dk
929764,mr.dk
929889,itsfashionbaby.dk
929987,mochasoft.dk
930692,smart-web.dk
931731,valkyrien-koege.dk
932068,bm.dk
932773,jobview.dk
933652,nordfynsbank.dk
934453,anr.dk
934489,bornebiksensblog.dk
935333,lloyd-shop.dk
936119,auh.dk
936200,rumid.dk
937823,jernbanen.dk
938329,europages.dk
938480,seofolk.dk
938516,dress-for-less.dk
938577,prinsesserogpirater.dk
939241,kcaj.dk
939388,bygogbolig.dk
939499,humoer.dk
939526,inspari.dk
939550,newastro.dk
939598,sun-bornholm.dk
939658,jepti.dk
940159,corpussalus.dk
941315,tinglysningsretten.dk
941873,ncb.dk
941880,oelfabrikken.dk
942625,danishinternetaward.dk
942644,rask-cykler.dk
942957,atak.dk
943151,openadex.dk
943299,minip.dk
943770,fashionforme.dk
944821,nettalk.dk
945752,xl-fuglebjerg.dk
945760,nfd.dk
945853,nikefreeopbevar.dk
946239,roskilde.dk
946325,jdmarketing.dk
946379,moensbank.dk
946987,dai-sport.dk
947125,sphynxforum.dk
947872,quint.dk
949314,kiwiminipris.dk
949640,mediaworldasia.dk
949690,energiviborg.dk
949815,dansukker.dk
950426,bryndorf.dk
950503,farso-fjordcamping.dk
951077,hjv.dk
951242,vpweb.dk
951260,statistikbanken.dk
952262,cykelbanditten.dk
952355,vindikonkurrencer.dk
952564,kvinderifilosofi.dk
953079,grapevine.dk
953151,skak.dk
953878,sds.dk
953903,roomservice.dk
953967,bogbasen.dk
954202,grafical.dk
954403,aunetto.dk
954405,1415.dk
954895,ask-alex.dk
956261,magasinetmad.dk
956414,powerhosting.dk
956622,prinsessensbryllup.dk
956835,tug.dk
957027,director.dk
958530,synoptik.dk
958902,3byggetilbud.dk
959351,job-i-staten.dk
959816,indexa.dk
960689,smerteblog.dk
960699,rajapack.dk
960852,spar.dk
961010,kirsebaerparken.dk
962942,ats.dk
963734,hnblog.dk
964953,blsinvest.dk
965549,elfaelektronik.dk
965925,quizzes.dk
965985,clubsyd.dk
966576,laederiet.dk
967044,woodturning.dk
967223,macromastia-blog.dk
967814,vildmedmad.dk
968446,min-a-kasse.dk
968697,edcerhverv.dk
968930,rodekors.dk
969077,design4home.dk
969093,tljweb.dk
969703,danefae.dk
970645,mediatoradvokater.dk
971039,fkejby.dk
971526,deltaco.dk
971926,techotel.dk
971947,aiu.dk
972070,itasker.dk
972323,fool4dogs.dk
972397,fleggaardshop.dk
973178,pengeinfo.dk
974025,ask.dk
974518,faktorfobi.dk
974585,comxnet.dk
974586,pcitservice.dk
975081,netflix-danmark.dk
975203,aarhusportalen.dk
975732,anywho.dk
975745,bane.dk
976201,foto-fun.dk
976518,profilmetal-shop.dk
976632,fotosjov.dk
977553,afsked.dk
978221,vinterjakker.dk
978255,svend-es.dk
978934,royalbed.dk
979567,euro-med.dk
979863,dyrenes-beskyttelse.dk
980484,live-koncerter.dk
980556,kajvhansen.dk
980586,gulvsupport.dk
980659,kondomaten.dk
980675,professionelnetworker.dk
982663,webjuice.dk
982733,euromaster.dk
982999,anmeld-haandvaerker.dk
983780,blucher-media.dk
984723,aabsport.dk
984814,fynbib.dk
985141,fashionbox.dk
985321,backupbox.dk
985653,masterpiece.dk
985660,lydogbillede.dk
986238,dreamsonwheels.dk
986826,applusbilsyn.dk
987129,mascot.dk
987244,invita.dk
987574,freshfitness.dk
987603,lett.dk
987830,fcoo.dk
988256,findroommate.dk
988420,lasertandplejeren.dk
988444,pfa.dk
988448,astro-forum.dk
988681,thg.dk
989151,singlemom.dk
989408,kvik.dk
990051,el-supply.dk
990937,urkompagniet.dk
991331,sikkerthjem.dk
991379,pickupforum.dk
991585,lme-support.dk
991714,metroshop.dk
992424,fredericiabyggeri.dk
992877,copenhell.dk
993514,scanheat.dk
994579,bistrobooking.dk
994834,luksuslamper.dk
995137,eisenstein.dk
995262,andelsbutikken.dk
995393,2bhosting.dk
995465,djz.dk
995840,vegetarkontakt.dk
996025,christianjorgensen.dk
996572,gallupforum.dk
997213,jala-helsekost.dk
997461,blomsterpartiet.dk
997556,afbudsrejser24.dk
997579,linkbuilding-backlinks.dk
997920,kmd.dk
998461,dthunberg.dk
998617,shopforkids.dk
998868,ps3-spil.dk
999834,dominos.dk
999959,bezzer.dk